Window,layers,hidden,dropout,lr,mse,batch_size
0.0,0.0,0.0,0.0,0.0,5.214645454545454e+18,0.0
15.0,1.0,8.0,0.1,0.0001,2.032285998347809e+19,16.0
15.0,1.0,8.0,0.1,0.001,7.796857193854273e+18,16.0
15.0,1.0,8.0,0.3,0.0001,3.4864272794148303e+19,16.0
15.0,1.0,8.0,0.3,0.001,7.574253047138471e+18,16.0
15.0,1.0,16.0,0.1,0.0001,2.8987395834226483e+19,16.0
15.0,1.0,16.0,0.1,0.001,8.676247507887267e+18,16.0
15.0,1.0,16.0,0.3,0.0001,2.7878040852883907e+19,16.0
15.0,1.0,16.0,0.3,0.001,9.89932250083601e+18,16.0
15.0,1.0,32.0,0.1,0.0001,2.300086662064084e+19,16.0
15.0,1.0,32.0,0.1,0.001,9.069794588078478e+18,16.0
15.0,1.0,32.0,0.3,0.0001,2.324461640483729e+19,16.0
15.0,1.0,32.0,0.3,0.001,8.501007661681097e+18,16.0
15.0,1.0,64.0,0.1,0.0001,1.988666066151386e+19,16.0
15.0,1.0,64.0,0.1,0.001,8.113528736377283e+18,16.0
15.0,1.0,64.0,0.3,0.0001,1.7837918828396208e+19,16.0
15.0,1.0,64.0,0.3,0.001,8.493714502415419e+18,16.0
15.0,2.0,8.0,0.1,0.0001,3.4984285967789253e+19,16.0
15.0,2.0,8.0,0.1,0.001,9.984338216352846e+18,16.0
15.0,2.0,8.0,0.3,0.0001,1.1473944484439294e+20,16.0
15.0,2.0,8.0,0.3,0.001,2.5082310881349337e+19,16.0
15.0,2.0,16.0,0.1,0.0001,4.004118503234588e+19,16.0
15.0,2.0,16.0,0.1,0.001,1.5693832249351528e+19,16.0
15.0,2.0,16.0,0.3,0.0001,3.77789472302045e+19,16.0
15.0,2.0,16.0,0.3,0.001,1.429992042719951e+19,16.0
15.0,2.0,32.0,0.1,0.0001,2.521173805163798e+19,16.0
15.0,2.0,32.0,0.1,0.001,1.7596187184011717e+19,16.0
15.0,2.0,32.0,0.3,0.0001,2.7279583555342668e+19,16.0
15.0,2.0,32.0,0.3,0.001,1.933969671877193e+19,16.0
15.0,2.0,64.0,0.1,0.0001,2.113111392019006e+19,16.0
15.0,2.0,64.0,0.1,0.001,1.3319005547386298e+19,16.0
15.0,2.0,64.0,0.3,0.0001,2.1993094639625744e+19,16.0
15.0,2.0,64.0,0.3,0.001,1.4942295566883998e+19,16.0
15.0,1.0,8.0,0.0,0.001,6.328489932755174e+18,16.0
15.0,1.0,8.0,0.0,0.01,5.782076047556478e+18,16.0
15.0,1.0,8.0,0.1,0.01,5.394352987472587e+18,16.0
15.0,1.0,8.0,0.3,0.01,5.528196952942809e+18,16.0
15.0,1.0,16.0,0.0,0.001,8.541462539813155e+18,16.0
15.0,1.0,16.0,0.0,0.01,5.307194896572002e+18,16.0
15.0,1.0,16.0,0.1,0.01,5.344923750883701e+18,16.0
15.0,1.0,16.0,0.3,0.01,5.629583514022228e+18,16.0
15.0,1.0,32.0,0.0,0.001,8.174891280145101e+18,16.0
15.0,1.0,32.0,0.0,0.01,6.158348484110175e+18,16.0
15.0,1.0,32.0,0.1,0.01,5.232796035571618e+18,16.0
15.0,1.0,32.0,0.3,0.01,5.850693347648108e+18,16.0
15.0,1.0,64.0,0.0,0.001,7.747092218321496e+18,16.0
15.0,1.0,64.0,0.0,0.01,5.22252833751292e+18,16.0
15.0,1.0,64.0,0.1,0.01,5.01753595585013e+18,16.0
15.0,1.0,64.0,0.3,0.01,5.868602288636357e+18,16.0
15.0,2.0,8.0,0.0,0.001,8.319390281591117e+18,16.0
15.0,2.0,8.0,0.0,0.01,7.827896045528345e+18,16.0
15.0,2.0,8.0,0.1,0.01,1.0906457905219342e+19,16.0
15.0,2.0,8.0,0.3,0.01,1.708562131239126e+19,16.0
15.0,2.0,16.0,0.0,0.001,8.472565413865193e+18,16.0
15.0,2.0,16.0,0.0,0.01,5.485687808758922e+18,16.0
15.0,2.0,16.0,0.1,0.01,1.4161949552481503e+19,16.0
15.0,2.0,16.0,0.3,0.01,1.0092422945809672e+19,16.0
15.0,2.0,32.0,0.0,0.001,9.591062762477425e+18,16.0
15.0,2.0,32.0,0.0,0.01,5.848785478004726e+18,16.0
15.0,2.0,32.0,0.1,0.01,6.754056983090256e+18,16.0
15.0,2.0,32.0,0.3,0.01,1.1040101244221012e+19,16.0
15.0,2.0,64.0,0.0,0.001,5.906650452706912e+18,16.0
15.0,2.0,64.0,0.0,0.01,5.546042636696042e+18,16.0
15.0,2.0,64.0,0.1,0.01,9.851031071745305e+18,16.0
15.0,2.0,64.0,0.3,0.01,7.840369841439522e+18,16.0
15.0,3.0,8.0,0.0,0.001,9.725920622234843e+18,16.0
15.0,3.0,8.0,0.0,0.01,6.133623969910927e+18,16.0
15.0,3.0,8.0,0.1,0.001,1.7383875576015487e+19,16.0
15.0,3.0,8.0,0.1,0.01,1.2932478480224428e+19,16.0
15.0,3.0,8.0,0.3,0.001,2.0291954357357584e+19,16.0
15.0,3.0,8.0,0.3,0.01,1.2192858677194277e+19,16.0
15.0,3.0,16.0,0.0,0.001,1.0347140567813136e+19,16.0
15.0,3.0,16.0,0.0,0.01,5.631143035969544e+18,16.0
15.0,3.0,16.0,0.1,0.001,1.762609577507444e+19,16.0
15.0,3.0,16.0,0.1,0.01,2.074443170043284e+19,16.0
15.0,3.0,16.0,0.3,0.001,1.9229206129033822e+19,16.0
15.0,3.0,16.0,0.3,0.01,1.878954485884141e+19,16.0
15.0,3.0,32.0,0.0,0.001,1.010111951205496e+19,16.0
15.0,3.0,32.0,0.0,0.01,6.520841224069245e+18,16.0
15.0,3.0,32.0,0.1,0.001,2.192205417614953e+19,16.0
15.0,3.0,32.0,0.1,0.01,8.269159181493573e+18,16.0
15.0,3.0,32.0,0.3,0.001,1.9765426417096937e+19,16.0
15.0,3.0,32.0,0.3,0.01,1.2428400777305944e+19,16.0
15.0,3.0,64.0,0.0,0.001,7.012681040178754e+18,16.0
15.0,3.0,64.0,0.0,0.01,5.819325068829947e+18,16.0
15.0,3.0,64.0,0.1,0.001,1.1840060541977915e+19,16.0
15.0,3.0,64.0,0.1,0.01,9.019132985519912e+18,16.0
15.0,3.0,64.0,0.3,0.001,2.089667543629697e+19,16.0
15.0,3.0,64.0,0.3,0.01,7.351329804490624e+18,16.0
15.0,4.0,8.0,0.0,0.001,1.1122385232192762e+19,16.0
15.0,4.0,8.0,0.0,0.01,5.39662797414703e+18,16.0
15.0,4.0,8.0,0.1,0.001,1.3287215568076247e+19,16.0
15.0,4.0,8.0,0.1,0.01,1.041630445486128e+19,16.0
15.0,4.0,8.0,0.3,0.001,1.5723640761863533e+19,16.0
15.0,4.0,8.0,0.3,0.01,2.344261679525226e+19,16.0
15.0,4.0,16.0,0.0,0.001,1.033061825164644e+19,16.0
15.0,4.0,16.0,0.0,0.01,5.9476829627064e+18,16.0
15.0,4.0,16.0,0.1,0.001,1.5559159440905236e+19,16.0
15.0,4.0,16.0,0.1,0.01,9.109108553210672e+18,16.0
15.0,4.0,16.0,0.3,0.001,2.223873291841509e+19,16.0
15.0,4.0,16.0,0.3,0.01,2.1180509900169617e+19,16.0
15.0,4.0,32.0,0.0,0.001,6.954010961814619e+18,16.0
15.0,4.0,32.0,0.0,0.01,5.521453587166878e+18,16.0
15.0,4.0,32.0,0.1,0.001,1.361258374891728e+19,16.0
15.0,4.0,32.0,0.1,0.01,1.0490313794291048e+19,16.0
15.0,4.0,32.0,0.3,0.001,2.328663897589205e+19,16.0
15.0,4.0,32.0,0.3,0.01,1.7599705266333694e+19,16.0
15.0,4.0,64.0,0.0,0.001,6.342201311919968e+18,16.0
15.0,4.0,64.0,0.0,0.01,5.865976898473908e+18,16.0
15.0,4.0,64.0,0.1,0.001,1.1505385649761522e+19,16.0
15.0,4.0,64.0,0.1,0.01,1.933988636319392e+19,16.0
15.0,4.0,64.0,0.3,0.001,2.017946695665921e+19,16.0
15.0,4.0,64.0,0.3,0.01,1.6548419029214036e+19,16.0
15.0,1.0,8.0,0.0,0.001,7.789392598050494e+18,64.0
15.0,1.0,8.0,0.0,0.01,7.886954549001455e+18,64.0
15.0,1.0,8.0,0.1,0.001,1.562303255879616e+19,64.0
15.0,1.0,8.0,0.1,0.01,7.192695225303128e+18,64.0
15.0,1.0,8.0,0.3,0.001,1.1185773658725198e+19,64.0
15.0,1.0,8.0,0.3,0.01,8.388804386028854e+18,64.0
15.0,1.0,16.0,0.0,0.001,1.1102463031611271e+19,64.0
15.0,1.0,16.0,0.0,0.01,6.331868368735962e+18,64.0
15.0,1.0,16.0,0.1,0.001,9.874340092165675e+18,64.0
15.0,1.0,16.0,0.1,0.01,7.73269919704913e+18,64.0
15.0,1.0,16.0,0.3,0.001,8.519528068805633e+18,64.0
15.0,1.0,16.0,0.3,0.01,5.914178229592349e+18,64.0
15.0,1.0,32.0,0.0,0.001,8.926967765156163e+18,64.0
15.0,1.0,32.0,0.0,0.01,9.517617302395202e+18,64.0
15.0,1.0,32.0,0.1,0.001,7.971865300275285e+18,64.0
15.0,1.0,32.0,0.1,0.01,6.842334085646634e+18,64.0
15.0,1.0,32.0,0.3,0.001,9.935216028817308e+18,64.0
15.0,1.0,32.0,0.3,0.01,6.263068304519595e+18,64.0
15.0,1.0,64.0,0.0,0.001,1.0296285970744957e+19,64.0
15.0,1.0,64.0,0.0,0.01,8.336552039474776e+18,64.0
15.0,1.0,64.0,0.1,0.001,1.0927674254872963e+19,64.0
15.0,1.0,64.0,0.1,0.01,6.10124315198595e+18,64.0
15.0,1.0,64.0,0.3,0.001,1.0785589524324575e+19,64.0
15.0,1.0,64.0,0.3,0.01,5.827110628480356e+18,64.0
15.0,2.0,8.0,0.0,0.001,1.4684434114543194e+19,64.0
15.0,2.0,8.0,0.0,0.01,5.798163792652563e+18,64.0
15.0,2.0,8.0,0.1,0.001,1.5056372026985837e+19,64.0
15.0,2.0,8.0,0.1,0.01,7.426847549595074e+18,64.0
15.0,2.0,8.0,0.3,0.001,1.841281280677632e+19,64.0
15.0,2.0,8.0,0.3,0.01,1.5525897523080477e+19,64.0
15.0,2.0,16.0,0.0,0.001,1.743878390723264e+19,64.0
15.0,2.0,16.0,0.0,0.01,5.464185264307628e+18,64.0
15.0,2.0,16.0,0.1,0.001,2.140759633769199e+19,64.0
15.0,2.0,16.0,0.1,0.01,9.75104029537569e+18,64.0
15.0,2.0,16.0,0.3,0.001,1.7660311419130436e+19,64.0
15.0,2.0,16.0,0.3,0.01,1.89007009081082e+19,64.0
15.0,2.0,32.0,0.0,0.001,1.2417236222919354e+19,64.0
15.0,2.0,32.0,0.0,0.01,5.802670959164786e+18,64.0
15.0,2.0,32.0,0.1,0.001,1.8828345176349983e+19,64.0
15.0,2.0,32.0,0.1,0.01,1.2157177970429452e+19,64.0
15.0,2.0,32.0,0.3,0.001,2.02490055449058e+19,64.0
15.0,2.0,32.0,0.3,0.01,1.475629361324003e+19,64.0
15.0,2.0,64.0,0.0,0.001,1.4025781672918778e+19,64.0
15.0,2.0,64.0,0.0,0.01,5.374075125512464e+18,64.0
15.0,2.0,64.0,0.1,0.001,1.5835223791902552e+19,64.0
15.0,2.0,64.0,0.1,0.01,7.807711329912402e+18,64.0
15.0,2.0,64.0,0.3,0.001,1.771909868594591e+19,64.0
15.0,2.0,64.0,0.3,0.01,8.279052474362031e+18,64.0
15.0,3.0,8.0,0.0,0.001,2.8898486369673527e+19,64.0
15.0,3.0,8.0,0.0,0.01,5.904296685838024e+18,64.0
15.0,3.0,8.0,0.1,0.001,3.001207653483488e+19,64.0
15.0,3.0,8.0,0.1,0.01,1.4240141218281523e+19,64.0
15.0,3.0,8.0,0.3,0.001,1.912396332443831e+19,64.0
15.0,3.0,8.0,0.3,0.01,2.414315876892988e+19,64.0
15.0,3.0,16.0,0.0,0.001,1.654289830487755e+19,64.0
15.0,3.0,16.0,0.0,0.01,5.977717826445451e+18,64.0
15.0,3.0,16.0,0.1,0.001,2.944575928960367e+19,64.0
15.0,3.0,16.0,0.1,0.01,1.00584054938899e+19,64.0
15.0,3.0,16.0,0.3,0.001,2.858140551071308e+19,64.0
15.0,3.0,16.0,0.3,0.01,1.1687305440936317e+19,64.0
15.0,3.0,32.0,0.0,0.001,1.315316372964349e+19,64.0
15.0,3.0,32.0,0.0,0.01,6.439073624171291e+18,64.0
15.0,3.0,32.0,0.1,0.001,2.3371588934104383e+19,64.0
15.0,3.0,32.0,0.1,0.01,9.688072416267235e+18,64.0
15.0,3.0,32.0,0.3,0.001,2.233800924764705e+19,64.0
15.0,3.0,32.0,0.3,0.01,1.7079935088047466e+19,64.0
15.0,3.0,64.0,0.0,0.001,1.393455844757595e+19,64.0
15.0,3.0,64.0,0.0,0.01,5.461790837241881e+18,64.0
15.0,3.0,64.0,0.1,0.001,1.9959162015117e+19,64.0
15.0,3.0,64.0,0.1,0.01,7.095219091472429e+18,64.0
15.0,3.0,64.0,0.3,0.001,2.0836287453043667e+19,64.0
15.0,3.0,64.0,0.3,0.01,1.1671931820847618e+19,64.0
15.0,4.0,8.0,0.0,0.001,2.2623677572481565e+19,64.0
15.0,4.0,8.0,0.0,0.01,8.099884089862828e+18,64.0
15.0,4.0,8.0,0.1,0.001,3.2369457577260904e+19,64.0
15.0,4.0,8.0,0.1,0.01,5.7103164803154215e+19,64.0
15.0,4.0,8.0,0.3,0.001,2.598890191362226e+19,64.0
15.0,4.0,8.0,0.3,0.01,2.3229231503441846e+19,64.0
15.0,4.0,16.0,0.0,0.001,1.470097290592342e+19,64.0
15.0,4.0,16.0,0.0,0.01,6.224017273982303e+18,64.0
15.0,4.0,16.0,0.1,0.001,2.7084832910940324e+19,64.0
15.0,4.0,16.0,0.1,0.01,1.0439271931713786e+19,64.0
15.0,4.0,16.0,0.3,0.001,2.493678488509704e+19,64.0
15.0,4.0,16.0,0.3,0.01,1.723025570041781e+19,64.0
15.0,4.0,32.0,0.0,0.001,1.4514556928968112e+19,64.0
15.0,4.0,32.0,0.0,0.01,9.554765357383694e+18,64.0
15.0,4.0,32.0,0.1,0.001,2.799934226458603e+19,64.0
15.0,4.0,32.0,0.1,0.01,1.2561546853948953e+19,64.0
15.0,4.0,32.0,0.3,0.001,3.523636916922252e+19,64.0
15.0,4.0,32.0,0.3,0.01,2.1904091911562416e+19,64.0
15.0,4.0,64.0,0.0,0.001,1.5325952192252551e+19,64.0
15.0,4.0,64.0,0.0,0.01,5.681318078937578e+18,64.0
15.0,4.0,64.0,0.1,0.001,2.062701820407432e+19,64.0
15.0,4.0,64.0,0.1,0.01,9.627723601491278e+18,64.0
15.0,4.0,64.0,0.3,0.001,2.0573738769695244e+19,64.0
15.0,4.0,64.0,0.3,0.01,1.332057281383942e+19,64.0
15.0,1.0,8.0,0.0,0.001,3.318699850307739e+19,128.0
15.0,1.0,8.0,0.0,0.01,6.638011676522754e+18,128.0
15.0,1.0,8.0,0.1,0.001,3.073481733310503e+19,128.0
15.0,1.0,8.0,0.1,0.01,6.43200533265248e+18,128.0
15.0,1.0,8.0,0.3,0.001,1.7197428410774235e+19,128.0
15.0,1.0,8.0,0.3,0.01,5.71154389994979e+18,128.0
15.0,1.0,16.0,0.0,0.001,3.160248913479142e+19,128.0
15.0,1.0,16.0,0.0,0.01,7.990139922926318e+18,128.0
15.0,1.0,16.0,0.1,0.001,4.393070538405677e+19,128.0
15.0,1.0,16.0,0.1,0.01,7.383409102797101e+18,128.0
15.0,1.0,16.0,0.3,0.001,1.712472761362484e+19,128.0
15.0,1.0,16.0,0.3,0.01,9.246178365121102e+18,128.0
15.0,1.0,32.0,0.0,0.001,1.8311116538123868e+19,128.0
15.0,1.0,32.0,0.0,0.01,7.44514794350851e+18,128.0
15.0,1.0,32.0,0.1,0.001,1.324422302908461e+19,128.0
15.0,1.0,32.0,0.1,0.01,1.2506375756320268e+19,128.0
15.0,1.0,32.0,0.3,0.001,1.0263861094406203e+19,128.0
15.0,1.0,32.0,0.3,0.01,9.594569528168342e+18,128.0
15.0,1.0,64.0,0.0,0.001,2.360699026153032e+19,128.0
15.0,1.0,64.0,0.0,0.01,1.1593908107690975e+19,128.0
15.0,1.0,64.0,0.1,0.001,2.231336350014332e+19,128.0
15.0,1.0,64.0,0.1,0.01,6.323927984003803e+18,128.0
15.0,1.0,64.0,0.3,0.001,2.052841626254857e+19,128.0
15.0,1.0,64.0,0.3,0.01,6.639762847031407e+18,128.0
15.0,2.0,8.0,0.0,0.001,1.7966821448698313e+19,128.0
15.0,2.0,8.0,0.0,0.01,1.0198418240673167e+19,128.0
15.0,2.0,8.0,0.1,0.001,2.470984836588036e+19,128.0
15.0,2.0,8.0,0.1,0.01,9.65885495742564e+18,128.0
15.0,2.0,8.0,0.3,0.001,3.970126832536168e+19,128.0
15.0,2.0,8.0,0.3,0.01,1.7850936120954833e+19,128.0
15.0,2.0,16.0,0.0,0.001,6.178726173175879e+19,128.0
15.0,2.0,16.0,0.0,0.01,6.308871698993834e+18,128.0
15.0,2.0,16.0,0.1,0.001,1.85817538880004e+19,128.0
15.0,2.0,16.0,0.1,0.01,1.3203723797376082e+19,128.0
15.0,2.0,16.0,0.3,0.001,1.925064988053991e+19,128.0
15.0,2.0,16.0,0.3,0.01,1.4618347259054651e+19,128.0
15.0,2.0,32.0,0.0,0.001,1.5741745696806287e+19,128.0
15.0,2.0,32.0,0.0,0.01,6.339908484545862e+18,128.0
15.0,2.0,32.0,0.1,0.001,1.932422563449535e+19,128.0
15.0,2.0,32.0,0.1,0.01,1.5505546266868027e+19,128.0
15.0,2.0,32.0,0.3,0.001,4.079848683866617e+19,128.0
15.0,2.0,32.0,0.3,0.01,1.6037719918561882e+19,128.0
15.0,2.0,64.0,0.0,0.001,1.5029662940050766e+19,128.0
15.0,2.0,64.0,0.0,0.01,8.981967643758574e+18,128.0
15.0,2.0,64.0,0.1,0.001,1.9840581406384062e+19,128.0
15.0,2.0,64.0,0.1,0.01,9.73611314410217e+18,128.0
15.0,2.0,64.0,0.3,0.001,2.4036146210825232e+19,128.0
15.0,2.0,64.0,0.3,0.01,1.7535471203845829e+19,128.0
15.0,3.0,8.0,0.0,0.001,1.9691525939756024e+19,128.0
15.0,3.0,8.0,0.0,0.01,7.99288095639361e+18,128.0
15.0,3.0,8.0,0.1,0.001,2.672001582720761e+19,128.0
15.0,3.0,8.0,0.1,0.01,2.0054084990216774e+19,128.0
15.0,3.0,8.0,0.3,0.001,2.3308059285856555e+19,128.0
15.0,3.0,8.0,0.3,0.01,1.3728209149253198e+19,128.0
15.0,3.0,16.0,0.0,0.001,2.210201174640324e+19,128.0
15.0,3.0,16.0,0.0,0.01,8.94325222992198e+18,128.0
15.0,3.0,16.0,0.1,0.001,2.1011783133287862e+19,128.0
15.0,3.0,16.0,0.1,0.01,1.3728723092072985e+19,128.0
15.0,3.0,16.0,0.3,0.001,4.717473225090451e+19,128.0
15.0,3.0,16.0,0.3,0.01,1.888393765351776e+19,128.0
15.0,3.0,32.0,0.0,0.001,1.9482265974008926e+19,128.0
15.0,3.0,32.0,0.0,0.01,1.792099021785424e+19,128.0
15.0,3.0,32.0,0.1,0.001,3.045619808188016e+19,128.0
15.0,3.0,32.0,0.1,0.01,1.547555210564511e+19,128.0
15.0,3.0,32.0,0.3,0.001,2.9406916746204488e+19,128.0
15.0,3.0,32.0,0.3,0.01,2.1815311520059752e+19,128.0
15.0,3.0,64.0,0.0,0.001,1.940476024696939e+19,128.0
15.0,3.0,64.0,0.0,0.01,7.477752803413766e+18,128.0
15.0,3.0,64.0,0.1,0.001,2.163231644930888e+19,128.0
15.0,3.0,64.0,0.1,0.01,1.04436527929775e+19,128.0
15.0,3.0,64.0,0.3,0.001,3.1327917223005344e+19,128.0
15.0,3.0,64.0,0.3,0.01,1.311546520756023e+19,128.0
15.0,4.0,8.0,0.0,0.001,2.453991206595876e+19,128.0
15.0,4.0,8.0,0.0,0.01,9.024178465477744e+18,128.0
15.0,4.0,8.0,0.1,0.001,3.2674850086184595e+19,128.0
15.0,4.0,8.0,0.1,0.01,2.4094577179959914e+19,128.0
15.0,4.0,8.0,0.3,0.001,2.4501198620831403e+20,128.0
15.0,4.0,8.0,0.3,0.01,1.863113990553028e+19,128.0
15.0,4.0,16.0,0.0,0.001,1.1051354191270424e+20,128.0
15.0,4.0,16.0,0.0,0.01,9.82674666394923e+18,128.0
15.0,4.0,16.0,0.1,0.001,3.0787189428319203e+19,128.0
15.0,4.0,16.0,0.1,0.01,1.999393785969312e+19,128.0
15.0,4.0,16.0,0.3,0.001,4.843895695719479e+19,128.0
15.0,4.0,16.0,0.3,0.01,2.2665211693345845e+19,128.0
15.0,4.0,32.0,0.0,0.001,1.9433778138723983e+19,128.0
15.0,4.0,32.0,0.0,0.01,8.838147739998327e+18,128.0
15.0,4.0,32.0,0.1,0.001,2.9440289727817232e+19,128.0
15.0,4.0,32.0,0.1,0.01,1.837444893603504e+19,128.0
15.0,4.0,32.0,0.3,0.001,4.988947888552591e+19,128.0
15.0,4.0,32.0,0.3,0.01,2.7347049308446945e+19,128.0
15.0,4.0,64.0,0.0,0.001,2.0384815745550414e+19,128.0
15.0,4.0,64.0,0.0,0.01,6.960924402110388e+18,128.0
15.0,4.0,64.0,0.1,0.001,2.9250053336848417e+19,128.0
15.0,4.0,64.0,0.1,0.01,1.0901593837229937e+19,128.0
15.0,4.0,64.0,0.3,0.001,2.940974064384512e+19,128.0
15.0,4.0,64.0,0.3,0.01,2.2881361337080304e+19,128.0
15.0,1.0,8.0,0.0,0.05,5.765910449911542e+18,16.0
15.0,1.0,8.0,0.1,0.05,6.425359040199161e+18,16.0
15.0,1.0,16.0,0.0,0.05,5.778003121301517e+18,16.0
15.0,1.0,16.0,0.1,0.05,5.642213273360125e+18,16.0
15.0,1.0,32.0,0.0,0.05,5.760551512204772e+18,16.0
15.0,1.0,32.0,0.1,0.05,5.519739176678662e+18,16.0
15.0,1.0,64.0,0.0,0.05,5.629813459694548e+18,16.0
15.0,1.0,64.0,0.1,0.05,6.288017117457141e+18,16.0
15.0,1.0,128.0,0.0,0.05,5.423383282892626e+18,16.0
15.0,1.0,128.0,0.1,0.05,1.3652396829506023e+19,16.0
15.0,1.0,8.0,0.0,0.05,5.516579727029e+18,64.0
15.0,1.0,8.0,0.1,0.05,5.344117014941795e+18,64.0
15.0,1.0,16.0,0.0,0.05,5.264546239584594e+18,64.0
15.0,1.0,16.0,0.1,0.05,5.513264376352037e+18,64.0
15.0,1.0,32.0,0.0,0.05,5.817081916981817e+18,64.0
15.0,1.0,32.0,0.1,0.05,6.065493270469965e+18,64.0
15.0,1.0,64.0,0.0,0.05,6.201707702018187e+18,64.0
15.0,1.0,64.0,0.1,0.05,5.544374344090431e+18,64.0
15.0,1.0,128.0,0.0,0.05,5.424312839328921e+18,64.0
15.0,1.0,128.0,0.1,0.05,6.521667190995507e+18,64.0
10.0,1.0,8.0,0.0,0.05,5.732980729902371e+18,16.0
10.0,1.0,8.0,0.0,0.01,5.280914845591916e+18,16.0
10.0,1.0,8.0,0.1,0.05,6.321285940753364e+18,16.0
10.0,1.0,8.0,0.1,0.01,5.254578219293359e+18,16.0
10.0,1.0,16.0,0.0,0.05,5.338660951067562e+18,16.0
10.0,1.0,16.0,0.0,0.01,5.40042996497682e+18,16.0
10.0,1.0,16.0,0.1,0.05,8.117573903744923e+18,16.0
10.0,1.0,16.0,0.1,0.01,5.831378624402847e+18,16.0
10.0,1.0,32.0,0.0,0.05,6.957432583424443e+18,16.0
10.0,1.0,32.0,0.0,0.01,5.153884616696574e+18,16.0
10.0,1.0,32.0,0.1,0.05,7.512589905122486e+18,16.0
10.0,1.0,32.0,0.1,0.01,5.550163513523235e+18,16.0
10.0,1.0,64.0,0.0,0.05,5.806142669069616e+18,16.0
10.0,1.0,64.0,0.0,0.01,5.410011330786552e+18,16.0
10.0,1.0,64.0,0.1,0.05,7.191940804320647e+18,16.0
10.0,1.0,64.0,0.1,0.01,6.001553960146524e+18,16.0
10.0,1.0,128.0,0.0,0.05,1.2608894926799634e+19,16.0
10.0,1.0,128.0,0.0,0.01,5.166447356072064e+18,16.0
10.0,1.0,128.0,0.1,0.05,9.830877869696483e+18,16.0
10.0,1.0,128.0,0.1,0.01,6.293696795167819e+18,16.0
10.0,2.0,8.0,0.0,0.05,5.373725254993184e+18,16.0
10.0,2.0,8.0,0.0,0.01,5.578658951174599e+18,16.0
10.0,2.0,8.0,0.1,0.05,1.0221226011912554e+19,16.0
10.0,2.0,8.0,0.1,0.01,1.3546174209256776e+19,16.0
10.0,2.0,16.0,0.0,0.05,6.678214545819465e+18,16.0
10.0,2.0,16.0,0.0,0.01,5.892615474558898e+18,16.0
10.0,2.0,16.0,0.1,0.05,7.866493061396563e+18,16.0
10.0,2.0,16.0,0.1,0.01,8.080828595578122e+18,16.0
10.0,2.0,32.0,0.0,0.05,6.792774217807737e+18,16.0
10.0,2.0,32.0,0.0,0.01,5.330902041427489e+18,16.0
10.0,2.0,32.0,0.1,0.05,7.487972072297144e+18,16.0
10.0,2.0,32.0,0.1,0.01,8.192916760790698e+18,16.0
10.0,2.0,64.0,0.0,0.05,5.717205756957645e+18,16.0
10.0,2.0,64.0,0.0,0.01,7.39741020381991e+18,16.0
10.0,2.0,64.0,0.1,0.05,6.661544924829582e+18,16.0
10.0,2.0,64.0,0.1,0.01,9.66059450375493e+18,16.0
10.0,2.0,128.0,0.0,0.05,7.566214103814907e+19,16.0
10.0,2.0,128.0,0.0,0.01,7.503816735636748e+18,16.0
10.0,2.0,128.0,0.1,0.05,4.53699261707322e+20,16.0
10.0,2.0,128.0,0.1,0.01,7.72773169809383e+18,16.0
10.0,3.0,8.0,0.0,0.05,7.197011344261456e+18,16.0
10.0,3.0,8.0,0.0,0.01,5.516697986176779e+18,16.0
10.0,3.0,8.0,0.1,0.05,8.306631382728225e+18,16.0
10.0,3.0,8.0,0.1,0.01,1.2537887151693978e+19,16.0
10.0,3.0,16.0,0.0,0.05,1.1543125390481089e+19,16.0
10.0,3.0,16.0,0.0,0.01,5.919072441358572e+18,16.0
10.0,3.0,16.0,0.1,0.05,1.6659806988744946e+19,16.0
10.0,3.0,16.0,0.1,0.01,1.2286218533254535e+19,16.0
10.0,3.0,32.0,0.0,0.05,6.915381805253148e+18,16.0
10.0,3.0,32.0,0.0,0.01,9.223579620939151e+18,16.0
10.0,3.0,32.0,0.1,0.05,9.686855723169626e+18,16.0
10.0,3.0,32.0,0.1,0.01,8.686057796758099e+18,16.0
10.0,3.0,64.0,0.0,0.05,2.0048250048946065e+19,16.0
10.0,3.0,64.0,0.0,0.01,5.572491930184349e+18,16.0
10.0,3.0,64.0,0.1,0.05,2.5888313965510263e+19,16.0
10.0,3.0,64.0,0.1,0.01,7.928232016561061e+18,16.0
10.0,3.0,128.0,0.0,0.05,6.72139082726551e+20,16.0
10.0,3.0,128.0,0.0,0.01,6.660678514648417e+18,16.0
10.0,3.0,128.0,0.1,0.05,1.901722089624648e+20,16.0
10.0,3.0,128.0,0.1,0.01,1.032818769112502e+19,16.0
10.0,1.0,8.0,0.0,0.05,5.676585985513665e+18,64.0
10.0,1.0,8.0,0.0,0.01,5.539303983510965e+18,64.0
10.0,1.0,8.0,0.1,0.05,5.425383309993794e+18,64.0
10.0,1.0,8.0,0.1,0.01,6.624711275144385e+18,64.0
10.0,1.0,16.0,0.0,0.05,5.536241201393712e+18,64.0
10.0,1.0,16.0,0.0,0.01,6.387073862793241e+18,64.0
10.0,1.0,16.0,0.1,0.05,5.388628081480405e+18,64.0
10.0,1.0,16.0,0.1,0.01,6.905315463312311e+18,64.0
10.0,1.0,32.0,0.0,0.05,6.673609758088292e+18,64.0
10.0,1.0,32.0,0.0,0.01,7.546447161762994e+18,64.0
10.0,1.0,32.0,0.1,0.05,5.364181274010657e+18,64.0
10.0,1.0,32.0,0.1,0.01,5.574436202805301e+18,64.0
10.0,1.0,64.0,0.0,0.05,5.779313655698381e+18,64.0
10.0,1.0,64.0,0.0,0.01,6.160640991969776e+18,64.0
10.0,1.0,64.0,0.1,0.05,6.594255742743566e+18,64.0
10.0,1.0,64.0,0.1,0.01,5.391859799032173e+18,64.0
10.0,1.0,128.0,0.0,0.05,7.538500423257119e+18,64.0
10.0,1.0,128.0,0.0,0.01,6.373809667405965e+18,64.0
10.0,1.0,128.0,0.1,0.05,5.804659504363064e+18,64.0
10.0,1.0,128.0,0.1,0.01,5.879203213318365e+18,64.0
10.0,2.0,8.0,0.0,0.05,7.66626599655972e+18,64.0
10.0,2.0,8.0,0.0,0.01,7.661690055341216e+18,64.0
10.0,2.0,8.0,0.1,0.05,1.1776388833854226e+19,64.0
10.0,2.0,8.0,0.1,0.01,1.1725998119046742e+19,64.0
10.0,2.0,16.0,0.0,0.05,5.426200848117314e+18,64.0
10.0,2.0,16.0,0.0,0.01,5.556336837628193e+18,64.0
10.0,2.0,16.0,0.1,0.05,6.675732897582446e+18,64.0
10.0,2.0,16.0,0.1,0.01,9.96467708831994e+18,64.0
10.0,2.0,32.0,0.0,0.05,6.751616129220317e+18,64.0
10.0,2.0,32.0,0.0,0.01,5.778043943993403e+18,64.0
10.0,2.0,32.0,0.1,0.05,6.894526271077469e+18,64.0
10.0,2.0,32.0,0.1,0.01,1.051685960010798e+19,64.0
10.0,2.0,64.0,0.0,0.05,6.264307008110317e+18,64.0
10.0,2.0,64.0,0.0,0.01,8.451505124539208e+18,64.0
10.0,2.0,64.0,0.1,0.05,8.79565178254791e+18,64.0
10.0,2.0,64.0,0.1,0.01,6.764992245167745e+18,64.0
10.0,2.0,128.0,0.0,0.05,1.345961402198639e+19,64.0
10.0,2.0,128.0,0.0,0.01,6.88093092276981e+18,64.0
10.0,2.0,128.0,0.1,0.05,5.227998024320985e+19,64.0
10.0,2.0,128.0,0.1,0.01,6.529139613407308e+18,64.0
10.0,3.0,8.0,0.0,0.05,5.56873956273054e+18,64.0
10.0,3.0,8.0,0.0,0.01,6.492319929975688e+18,64.0
10.0,3.0,8.0,0.1,0.05,1.383496311211506e+19,64.0
10.0,3.0,8.0,0.1,0.01,1.19559944801877e+19,64.0
10.0,3.0,16.0,0.0,0.05,7.949473331759911e+18,64.0
10.0,3.0,16.0,0.0,0.01,6.614954191033774e+18,64.0
10.0,3.0,16.0,0.1,0.05,6.876043861663956e+18,64.0
10.0,3.0,16.0,0.1,0.01,1.646466115001069e+19,64.0
10.0,3.0,32.0,0.0,0.05,6.247633552591947e+18,64.0
10.0,3.0,32.0,0.0,0.01,8.420037712162077e+18,64.0
10.0,3.0,32.0,0.1,0.05,1.5540968677234457e+19,64.0
10.0,3.0,32.0,0.1,0.01,7.662990427073443e+18,64.0
10.0,3.0,64.0,0.0,0.05,3.390605311879351e+19,64.0
10.0,3.0,64.0,0.0,0.01,5.764242055073498e+18,64.0
10.0,3.0,64.0,0.1,0.05,1.977006514887524e+20,64.0
10.0,3.0,64.0,0.1,0.01,7.437151815632145e+18,64.0
10.0,3.0,128.0,0.0,0.05,4.0589063097506765e+20,64.0
10.0,3.0,128.0,0.0,0.01,5.539311617065427e+18,64.0
10.0,3.0,128.0,0.1,0.05,2.3098461271547177e+20,64.0
10.0,3.0,128.0,0.1,0.01,8.686184089834359e+18,64.0
20.0,1.0,8.0,0.0,0.05,1.1723989432624085e+19,16.0
20.0,1.0,8.0,0.0,0.01,5.332262930686459e+18,16.0
20.0,1.0,8.0,0.1,0.05,5.952083269740195e+18,16.0
20.0,1.0,8.0,0.1,0.01,5.487318047782164e+18,16.0
20.0,1.0,16.0,0.0,0.05,6.192973593205392e+18,16.0
20.0,1.0,16.0,0.0,0.01,5.40737792353439e+18,16.0
20.0,1.0,16.0,0.1,0.05,6.373807512177333e+18,16.0
20.0,1.0,16.0,0.1,0.01,5.409817483352008e+18,16.0
20.0,1.0,32.0,0.0,0.05,5.386642391994144e+18,16.0
20.0,1.0,32.0,0.0,0.01,6.122483967775784e+18,16.0
20.0,1.0,32.0,0.1,0.05,6.120300072593945e+18,16.0
20.0,1.0,32.0,0.1,0.01,5.365206332098568e+18,16.0
20.0,1.0,64.0,0.0,0.05,5.396681061844523e+18,16.0
20.0,1.0,64.0,0.0,0.01,5.25872375248053e+18,16.0
20.0,1.0,64.0,0.1,0.05,5.426036969100071e+18,16.0
20.0,1.0,64.0,0.1,0.01,5.18340647287689e+18,16.0
20.0,1.0,128.0,0.0,0.05,6.415757747674821e+18,16.0
20.0,1.0,128.0,0.0,0.01,5.321855999653327e+18,16.0
20.0,1.0,128.0,0.1,0.05,1.1788199903694787e+19,16.0
20.0,1.0,128.0,0.1,0.01,6.948694369842739e+18,16.0
20.0,2.0,8.0,0.0,0.05,6.429997499528236e+18,16.0
20.0,2.0,8.0,0.0,0.01,5.588754663094841e+18,16.0
20.0,2.0,8.0,0.1,0.05,1.2463078776785762e+19,16.0
20.0,2.0,8.0,0.1,0.01,8.889431785345876e+18,16.0
20.0,2.0,16.0,0.0,0.05,5.859454970572276e+18,16.0
20.0,2.0,16.0,0.0,0.01,5.412390336783402e+18,16.0
20.0,2.0,16.0,0.1,0.05,1.0542383648636254e+19,16.0
20.0,2.0,16.0,0.1,0.01,8.490138644226982e+18,16.0
20.0,2.0,32.0,0.0,0.05,5.710026382305457e+18,16.0
20.0,2.0,32.0,0.0,0.01,5.264307103286992e+18,16.0
20.0,2.0,32.0,0.1,0.05,9.293755140325499e+18,16.0
20.0,2.0,32.0,0.1,0.01,5.884773424792076e+18,16.0
20.0,2.0,64.0,0.0,0.05,1.0292811278765045e+21,16.0
20.0,2.0,64.0,0.0,0.01,5.629710679487919e+18,16.0
20.0,2.0,64.0,0.1,0.05,7.068817881539655e+18,16.0
20.0,2.0,64.0,0.1,0.01,7.247102803302409e+18,16.0
20.0,2.0,128.0,0.0,0.05,1.3787196891346966e+21,16.0
20.0,2.0,128.0,0.0,0.01,5.389478656890913e+18,16.0
20.0,2.0,128.0,0.1,0.05,1.109559165364495e+19,16.0
20.0,2.0,128.0,0.1,0.01,6.558310532574482e+18,16.0
20.0,3.0,8.0,0.0,0.05,1.1933599286436768e+19,16.0
20.0,3.0,8.0,0.0,0.01,5.878577114951249e+18,16.0
20.0,3.0,8.0,0.1,0.05,1.1630747250176907e+19,16.0
20.0,3.0,8.0,0.1,0.01,1.3451339853318994e+19,16.0
20.0,3.0,16.0,0.0,0.05,5.959923520144504e+18,16.0
20.0,3.0,16.0,0.0,0.01,5.185296188225938e+18,16.0
20.0,3.0,16.0,0.1,0.05,7.584097470472791e+18,16.0
20.0,3.0,16.0,0.1,0.01,1.7283116106661845e+19,16.0
20.0,3.0,32.0,0.0,0.05,2.9149870404202614e+20,16.0
20.0,3.0,32.0,0.0,0.01,5.437937047084937e+18,16.0
20.0,3.0,32.0,0.1,0.05,9.379031726304186e+18,16.0
20.0,3.0,32.0,0.1,0.01,8.048045317913615e+18,16.0
20.0,3.0,64.0,0.0,0.05,7.832009130707464e+18,16.0
20.0,3.0,64.0,0.0,0.01,5.544043288939519e+18,16.0
20.0,3.0,64.0,0.1,0.05,9.628935193550296e+20,16.0
20.0,3.0,64.0,0.1,0.01,7.765653606304243e+18,16.0
20.0,3.0,128.0,0.0,0.05,3.814021529265054e+20,16.0
20.0,3.0,128.0,0.0,0.01,5.319198049737188e+18,16.0
20.0,3.0,128.0,0.1,0.05,1.2113713406774034e+20,16.0
20.0,3.0,128.0,0.1,0.01,6.735552614920431e+18,16.0
20.0,1.0,8.0,0.0,0.05,5.562382944158393e+18,64.0
20.0,1.0,8.0,0.0,0.01,6.404682233641883e+18,64.0
20.0,1.0,8.0,0.1,0.05,5.36688514828928e+18,64.0
20.0,1.0,8.0,0.1,0.01,5.909238175574601e+18,64.0
20.0,1.0,16.0,0.0,0.05,5.251045282080182e+18,64.0
20.0,1.0,16.0,0.0,0.01,6.401711113391627e+18,64.0
20.0,1.0,16.0,0.1,0.05,5.640865439120378e+18,64.0
20.0,1.0,16.0,0.1,0.01,6.656441023229509e+18,64.0
20.0,1.0,32.0,0.0,0.05,5.720282740049847e+18,64.0
20.0,1.0,32.0,0.0,0.01,5.869019978680709e+18,64.0
20.0,1.0,32.0,0.1,0.05,5.590465818276917e+18,64.0
20.0,1.0,32.0,0.1,0.01,6.58347135724396e+18,64.0
20.0,1.0,64.0,0.0,0.05,6.039730023364649e+18,64.0
20.0,1.0,64.0,0.0,0.01,6.394425648198202e+18,64.0
20.0,1.0,64.0,0.1,0.05,6.022581692897314e+18,64.0
20.0,1.0,64.0,0.1,0.01,6.216453722456226e+18,64.0
20.0,1.0,128.0,0.0,0.05,2.728517027589544e+19,64.0
20.0,1.0,128.0,0.0,0.01,5.808404962435128e+18,64.0
20.0,1.0,128.0,0.1,0.05,7.386523173965443e+18,64.0
20.0,1.0,128.0,0.1,0.01,7.202016732795787e+18,64.0
20.0,2.0,8.0,0.0,0.05,7.028838390634352e+18,64.0
20.0,2.0,8.0,0.0,0.01,5.736097399322534e+18,64.0
20.0,2.0,8.0,0.1,0.05,9.685706337483848e+18,64.0
20.0,2.0,8.0,0.1,0.01,9.145009439946363e+18,64.0
20.0,2.0,16.0,0.0,0.05,6.873947519213724e+18,64.0
20.0,2.0,16.0,0.0,0.01,5.793246973168032e+18,64.0
20.0,2.0,16.0,0.1,0.05,8.911899075165961e+18,64.0
20.0,2.0,16.0,0.1,0.01,1.1800499842736364e+19,64.0
20.0,2.0,32.0,0.0,0.05,5.560638478351759e+18,64.0
20.0,2.0,32.0,0.0,0.01,7.487045204333701e+18,64.0
20.0,2.0,32.0,0.1,0.05,1.1345579201652374e+19,64.0
20.0,2.0,32.0,0.1,0.01,1.0968847342452105e+19,64.0
20.0,2.0,64.0,0.0,0.05,5.389564265245289e+18,64.0
20.0,2.0,64.0,0.0,0.01,5.877454942384017e+18,64.0
20.0,2.0,64.0,0.1,0.05,6.108201946559511e+20,64.0
20.0,2.0,64.0,0.1,0.01,8.606646939523025e+18,64.0
20.0,2.0,128.0,0.0,0.05,2.131151189821971e+20,64.0
20.0,2.0,128.0,0.0,0.01,6.27900098790304e+18,64.0
20.0,2.0,128.0,0.1,0.05,1.0139749018307692e+20,64.0
20.0,2.0,128.0,0.1,0.01,8.247904960976994e+18,64.0
20.0,3.0,8.0,0.0,0.05,1.0085502312310315e+19,64.0
20.0,3.0,8.0,0.0,0.01,7.657893062083876e+18,64.0
20.0,3.0,8.0,0.1,0.05,1.8392942556965759e+19,64.0
20.0,3.0,8.0,0.1,0.01,9.142439819292141e+18,64.0
20.0,3.0,16.0,0.0,0.05,5.502680548729695e+18,64.0
20.0,3.0,16.0,0.0,0.01,5.918114257449554e+18,64.0
20.0,3.0,16.0,0.1,0.05,8.996567550414539e+18,64.0
20.0,3.0,16.0,0.1,0.01,1.995010105970973e+19,64.0
20.0,3.0,32.0,0.0,0.05,1.7002554459427547e+20,64.0
20.0,3.0,32.0,0.0,0.01,5.672923099677619e+18,64.0
20.0,3.0,32.0,0.1,0.05,1.0986390747978844e+20,64.0
20.0,3.0,32.0,0.1,0.01,1.0824886352894974e+19,64.0
20.0,3.0,64.0,0.0,0.05,2.2078504738203353e+20,64.0
20.0,3.0,64.0,0.0,0.01,7.377780948580362e+18,64.0
20.0,3.0,64.0,0.1,0.05,1.348218182657432e+19,64.0
20.0,3.0,64.0,0.1,0.01,7.522855466606004e+18,64.0
20.0,3.0,128.0,0.0,0.05,4.5974132097165754e+20,64.0
20.0,3.0,128.0,0.0,0.01,5.49695037269725e+18,64.0
20.0,3.0,128.0,0.1,0.05,1.5071365699796648e+20,64.0
20.0,3.0,128.0,0.1,0.01,9.069652897890093e+18,64.0
